Workbook

Sheet 文件封面
E4: 文件编号：
E11: 软件测试报告
E14: 版本:
E27: 中科创达软件股份有限公司

Sheet 文件修改控制
B2: 文件修改控制
B3: 版本 | C3: 修改条款及内容 | D3: 修改日期 | E3: 修改者 | F3: 评审人 | G3: 批准人

Sheet 参考資料
B2: 参考资料
B3: No | C3: 参考资料 | D3: 版本 | E3: 概要

Sheet 数据统计
B2: 测试结果汇总(Round1)
B3: 测试分类 | C3: 总数 | D3: 执行数量（除NA/NT） | E3: Pass | F3: Fail | G3: NT | H3: Block | I3: NA | J3: 执行率 | K3: Pass率 | L3: Fail率 | M3: Block率
B4: 功能测试 | C4: =功能测试!C4 | D4: =功能测试!$C$5+功能测试!$C$6+功能测试!$C$8 | E4: =功能测试!$C$5 | F4: =功能测试!$C$6 | G4: =功能测试!$C$7 | H4: =功能测试!$C$8 | I4: =功能测试!$C$9 | J4: =IFERROR(D4/C4,"") | K4: =IFERROR(E4/D4,"") | L4: =IFERROR(F4/D4,"") | M4: =IFERROR(H4/D4,"")
B5: 故障测试 | C5: =故障测试!B3 | D5: =故障测试!B4+故障测试!B5 | E5: =故障测试!B4 | F5: =故障测试!B5 | G5: =故障测试!B6 | H5: =故障测试!B7 | I5: =故障测试!B8 | J5: =IFERROR(D5/C5,"") | K5: =IFERROR(E5/D5,"") | L5: =IFERROR(F5/D5,"") | M5: =IFERROR(H5/D5,"")
B6: 异常场景测试 | C6: =异常场景测试!B3 | D6: =异常场景测试!B4+异常场景测试!B5 | E6: =异常场景测试!B4 | F6: =异常场景测试!B6 | G6: =异常场景测试!B7 | H6: =异常场景测试!B8 | I6: =异常场景测试!B9 | J6: =IFERROR(D6/C6,"") | K6: =IFERROR(E6/D6,"") | L6: =IFERROR(F6/D6,"") | M6: =IFERROR(H6/D6,"")
B7: 压力测试 | C7: =压力测试!C4 | D7: =压力测试!$C$5+压力测试!$C$6+压力测试!$C$8 | E7: =压力测试!$C$5 | F7: =压力测试!$C$6 | G7: =压力测试!$C$7 | H7: =压力测试!$C$8 | I7: =压力测试!$C$9 | J7: =IFERROR(D7/C7,"") | K7: =IFERROR(E7/D7,"") | L7: =IFERROR(F7/D7,"") | M7: =IFERROR(H7/D7,"")
B8: 稳定性测试 | C8: =稳定性测试!C4 | D8: =稳定性测试!$C$5+稳定性测试!$C$6+稳定性测试!$C$8 | E8: =稳定性测试!$C$5 | F8: =稳定性测试!$C$6 | G8: =稳定性测试!$C$7 | H8: =稳定性测试!$C$8 | I8: =稳定性测试!$C$9 | J8: =IFERROR(D8/C8,"") | K8: =IFERROR(E8/D8,"") | L8: =IFERROR(F8/D8,"") | M8: =IFERROR(H8/D8,"")
B9: 合计 | C9: =SUM(C4:C8) | D9: =D4+D7+D8+D6+D5 | E9: =E4+E7+E8+E6+E5 | F9: =F4+F7+F8+F6+F5 | G9: =G4+G7+G8+G6+G5 | H9: =H4+H7+H8+H6+H5 | I9: =I4+I7+I8+I6+I5 | J9: =IFERROR(D9/C9,"") | K9: =IFERROR(E9/D9,"") | L9: =IFERROR(F9/D9,"") | M9: =IFERROR(H9/D9,"")
C11: Round1
B12: 测试基本信息
B13: 质量/效率目标
B14: 测试总结

Sheet 功能测试
B2: 功能测试
B4: Total | C4: =COUNTA(B15:B73)
B5: Pass | C5: =COUNTIF(K15:K725,B5)
B6: Fail | C6: =COUNTIF(K15:K725,B6)
B7: NT | C7: =COUNTIF(K16:K726,B7)
B8: BLOCK | C8: =COUNTIF(K15:K725,B8)
B9: NA | C9: =COUNTIF(K15:K725,B9)
B10: Pass率 | C10: =IFERROR(C5/(C4-C7-C9),"")
B11: Fail率 | C11: =IFERROR(C6/(C4-C7-C9),"")
B13: 测试用例ID | C13: 测试类型 | D13: 需求ID | E13: 测试用例描述 | F13: 前置条件 | G13: 测试步骤 | H13: 预期结果 | I13: 优先级 | J13: 版本变更记录 | K13: Round1
K14: 实际结果 | L14: BUG | M14: 备注(测试结果的log及图片等打包对应插入此列) | N14: 测试版本 | O14: 实施者 | P14: 测试日期
B15: FT_001_01 | C15: 点亮 | E15: 验证A: 0: PANGU_IMX728V3_30F 的点亮情况 | G15: 1、输入命令：./nvsipl_camera -c MIXGROUP_PREDEV_30FPS_MAX96724_CPHY_x4 -m "0x0001 0 0 0" -R -0 -1 -2 -s -f ./picture/ --skipFrames 10 --writeFrames 1 -Z 2、起流后输入gc 0 | H15: 1、执行命令无报错，可生成.raw文件 2、raw可正常查看，无异常 | I15: P1 | K15: NT | P15: 2026-10-28
B16: FT_002_01 | C16: 点亮 | E16: 验证A: 1: PANGU_IMX728V3_70F 的点亮情况 | G16: 1、输入命令：./nvsipl_camera -c MIXGROUP_PREDEV_30FPS_MAX96724_CPHY_x4 -m "0x0010 0 0 0" -R -0 -1 -2 -s -f ./picture/ --skipFrames 10 --writeFrames 1 -Z 2、起流后输入gc 1 | H16: 1、执行命令无报错，可生成.raw文件 2、raw可正常查看，无异常 | I16: P1 | K16: NT | P16: 2026-10-28
B17: FT_003_01 | C17: 点亮 | E17: 验证A: 2: PANGU_IMX728V3_70F 的点亮情况 | G17: 1、输入命令：./nvsipl_camera -c MIXGROUP_PREDEV_30FPS_MAX96724_CPHY_x4 -m "0x0100 0 0 0" -R -0 -1 -2 -s -f ./picture/ --skipFrames 10 --writeFrames 1 -Z 2、起流后输入gc 2 | H17: 1、执行命令无报错，可生成.raw文件 2、raw可正常查看，无异常 | I17: P1 | K17: NT | P17: 2026-10-28
B18: FT_004_01 | C18: 点亮 | E18: 验证A: 3: PANGU_IMX728V3_120F 的点亮情况 | G18: 1、输入命令：./nvsipl_camera -c MIXGROUP_PREDEV_30FPS_MAX96724_CPHY_x4 -m "0x1000 0 0 0" -R -0 -1 -2 -s -f ./picture/ --skipFrames 10 --writeFrames 1 -Z 2、起流后输入gc 3 | H18: 1、执行命令无报错，可生成.raw文件 2、raw可正常查看，无异常 | I18: P1 | K18: NT | P18: 2026-10-28
B19: FT_005_01 | C19: 点亮 | E19: 验证B: 0: PANGU_IMX623_FRONT_REAR 的点亮情况 | G19: 1、输入命令：./nvsipl_camera -c MIXGROUP_PREDEV_30FPS_MAX96724_CPHY_x4 -m "0 0x0001 0 0" -R -0 -1 -2 -s -f ./picture/ --skipFrames 10 --writeFrames 1 -Z 2、起流后输入gc 4 | H19: 1、执行命令无报错，可生成.raw文件 2、raw可正常查看，无异常 | I19: P1 | K19: NT | P19: 2026-10-28
B20: FT_006_01 | C20: 点亮 | E20: 验证B: 1: PANGU_IMX623_FRONT_REAR 的点亮情况 | G20: 1、输入命令：./nvsipl_camera -c MIXGROUP_PREDEV_30FPS_MAX96724_CPHY_x4 -m "0 0x0010 0 0" -R -0 -1 -2 -s -f ./picture/ --skipFrames 10 --writeFrames 1 -Z 2、起流后输入gc 5 | H20: 1、执行命令无报错，可生成.raw文件 2、raw可正常查看，无异常 | I20: P1 | K20: NT | P20: 2026-10-28
B21: FT_007_01 | C21: 点亮 | E21: 验证B: 2: PANGU_IMX623_SIDE 的点亮情况 | G21: 1、输入命令：./nvsipl_camera -c MIXGROUP_PREDEV_30FPS_MAX96724_CPHY_x4 -m "0 0x0100 0 0" -R -0 -1 -2 -s -f ./picture/ --skipFrames 10 --writeFrames 1 -Z 2、起流后输入gc 6 | H21: 1、执行命令无报错，可生成.raw文件 2、raw可正常查看，无异常 | I21: P1 | K21: NT | P21: 2026-10-28
B22: FT_008_01 | C22: 点亮 | E22: 验证B: 3: PANGU_IMX623_SIDE 的点亮情况 | G22: 1、输入命令：./nvsipl_camera -c MIXGROUP_PREDEV_30FPS_MAX96724_CPHY_x4 -m "0 0x1000 0 0" -R -0 -1 -2 -s -f ./picture/ --skipFrames 10 --writeFrames 1 -Z 2、起流后输入gc 7 | H22: 1、执行命令无报错，可生成.raw文件 2、raw可正常查看，无异常 | I22: P1 | K22: NT | P22: 2026-10-28
B23: FT_009_01 | C23: 点亮 | E23: 验证C: 0: PANGU_IMX728V3_120_SIDE 的点亮情况 | G23: 1、输入命令：./nvsipl_camera -c MIXGROUP_PREDEV_30FPS_MAX96724_CPHY_x4 -m "0 0 0x0001 0" -R -0 -1 -2 -s -f ./picture/ --skipFrames 10 --writeFrames 1 -Z 2、起流后输入gc 8 | H23: 1、执行命令无报错，可生成.raw文件 2、raw可正常查看，无异常 | I23: P1 | K23: NT | P23: 2026-10-28
B24: FT_010_01 | C24: 点亮 | E24: 验证C: 1: PANGU_IMX728V3_120_SIDE 的点亮情况 | G24: 1、输入命令：./nvsipl_camera -c MIXGROUP_PREDEV_30FPS_MAX96724_CPHY_x4 -m "0 0 0x0010 0" -R -0 -1 -2 -s -f ./picture/ --skipFrames 10 --writeFrames 1 -Z 2、起流后输入gc 9 | H24: 1、执行命令无报错，可生成.raw文件 2、raw可正常查看，无异常 | I24: P1 | K24: NT | P24: 2026-10-28
B25: FT_011_01 | C25: 点亮 | E25: 验证C: 2: PANGU_IMX728V3_120F 的点亮情况 | G25: 1、输入命令：./nvsipl_camera -c MIXGROUP_PREDEV_30FPS_MAX96724_CPHY_x4 -m "0 0 0x0100 0" -R -0 -1 -2 -s -f ./picture/ --skipFrames 10 --writeFrames 1 -Z 2、起流后输入gc 10 | H25: 1、执行命令无报错，可生成.raw文件 2、raw可正常查看，无异常 | I25: P1 | K25: NT | P25: 2026-10-28
B26: FT_012_01 | C26: 点亮 | E26: 验证C: 3: PANGU_IMX728V3_120F 的点亮情况 | G26: 1、输入命令：./nvsipl_camera -c MIXGROUP_PREDEV_30FPS_MAX96724_CPHY_x4 -m "0 0 0x1000 0" -R -0 -1 -2 -s -f ./picture/ --skipFrames 10 --writeFrames 1 -Z 2、起流后输入gc 11 | H26: 1、执行命令无报错，可生成.raw文件 2、raw可正常查看，无异常 | I26: P1 | K26: NT | P26: 2026-10-28
... B30: FT_016_01 | C30: 点亮 | E30: 验证D: 3: PANGU_IMX728V3_70F 的点亮情况 | G30: 1、输入命令：./nvsipl_camera -c MIXGROUP_PREDEV_30FPS_MAX96724_CPHY_x4 -m "0 0 0 0x1000" -R -0 -1 -2 -s -f ./picture/ --skipFrames 10 --writeFrames 1 -Z 2、起流后输入gc 15 | H30: 1、执行命令无报错，可生成.raw文件 2、raw可正常查看，无异常 | I30: P1 | K30: NT | P30: 2026-10-28

Sheet 故障测试
A1: 功能测试
A3: Total | B3: =COUNTA(A14:A34)
A4: Pass | B4: =COUNTIF(J12:J722,A4)
A5: Fail | B5: =COUNTIF(J12:J722,A5)
A6: NT | B6: 0
A7: BLOCK | B7: =COUNTIF(J12:J722,A7)
A8: NA | B8: =COUNTIF(J12:J722,A8)
A9: Pass率 | B9: =IFERROR(B4/(B3-B6-B8),"")
A10: Fail率 | B10: =IFERROR(B5/(B3-B6-B8),"")
A12: 测试用例ID | B12: 测试类型 | C12: 需求ID | D12: 测试用例描述 | E12: 前置条件 | F12: 测试步骤 | G12: 预期结果 | H12: 优先级 | I12: 版本变更记录 | J12: Round1
J13: 实际结果 | K13: BUG | L13: 备注(测试结果的log及图片等打包对应插入此列) | M13: 测试版本 | N13: 实施者 | O13: 测试日期

Sheet 异常场景测试
A1: 功能测试
A3: Total | B3: =COUNTA(A15:A38)
A4: Pass | B4: =COUNTIF(J12:J721,A4)
A5: Fail | B5: =COUNTIF(J12:J721,A5)
A6: NT | B6: 0
A7: BLOCK | B7: =COUNTIF(J12:J721,A7)
A8: NA | B8: =COUNTIF(J12:J721,A8)
A9: Pass率 | B9: =IFERROR(B4/(B3-B6-B8),"")
A10: Fail率 | B10: =IFERROR(B5/(B3-B6-B8),"")
A13: 测试用例ID | B13: 测试类型 | C13: 需求ID | D13: 测试用例描述 | E13: 前置条件 | F13: 测试步骤 | G13: 预期结果 | H13: 优先级 | I13: 版本变更记录 | J13: Round1
J14: 实际结果 | K14: BUG | L14: 备注(测试结果的log及图片等打包对应插入此列) | M14: 测试版本 | N14: 实施者 | O14: 测试日期

Sheet 压力测试
B2: 压力测试
B4: Total | C4: =COUNTA(B15:B194)
B5: Pass | C5: =COUNTIF(J15:J930,B5)
B6: Fail | C6: =COUNTIF(J15:J930,B6)
B7: NT | C7: =COUNTIF(J15:J930,B7)
B8: BLOCK | C8: =COUNTIF(J15:J930,B8)
B9: NA | C9: =COUNTIF(J15:J930,B9)
B10: Pass率 | C10: =IFERROR(C5/(C4-C7-C9),"")
B11: Fail率 | C11: =IFERROR(C6/(C4-C7-C9),"")
B13: 测试用例ID | C13: 测试类型 | D13: 测试用例描述 | E13: 前置条件 | F13: 测试步骤 | G13: 预期结果 | H13: 优先级 | I13: 版本变更记录 | J13: Round1
J14: 实际结果 | K14: BUG | L14: 备注 | M14: 测试版本 | N14: 实施者 | O14: 测试日期

Sheet 稳定性测试
B2: 稳定性测试
B4: Total | C4: =COUNTA(B15:B79)
B5: Pass | C5: =COUNTIF(J15:J941,B5)
B6: Fail | C6: =COUNTIF(J15:J941,B6)
B7: NT | C7: =COUNTIF(J15:J941,B7)
B8: BLOCK | C8: =COUNTIF(J15:J941,B8)
B9: NA | C9: =COUNTIF(J15:J941,B9)
B10: Pass率 | C10: =IFERROR(C5/(C4-C7-C9),"")
B11: Fail率 | C11: =IFERROR(C6/(C4-C7-C9),"")
A13: 测试用例ID | B13: 测试类型 | C13: 需求ID | D13: 测试用例描述 | E13: 前置条件 | F13: 测试步骤 | G13: 预期结果 | H13: 优先级 | I13: 版本变更记录 | J13: Round1
J14: 实际结果 | K14: BUG | L14: 备注(测试结果的log及图片等打包对应插入此列) | M14: 测试版本 | N14: 实施者 | O14: 测试日期

Sheet BugList统计
B2: No. | C2: Bug ID | D2: Module | E2: Description | F2: Version | G2: Severity | H2: Status | I2: Tester | J2: Date | K2: Effective | L2: Comment

Sheet 附录1
A1: 板子连接模组
A36: *其中包括NV标准开发板以及IDC开发板
A37: *IMX728模组&IMX623模组

Sheet 模板修改控制
B2: 模板修改控制
B3: 版本 | C3: 修改条款及内容 | D3: 修改日期 | E3: 修改者 | F3: 评审人 | G3: 批准人
B4: V1.0 | C4: 初版 | D4: 44537 | E4: 霍丹 | F4: 王颖 | G4: 吴昱
